department_id,avg_feedback,avg_performance
DPT002,3.8983333333333325,3.7833
DPT003,3.8816326530612226,4.1837
DPT004,3.934883720930233,4.1163
DPT001,3.983333333333332,3.9167
